RowId,Incidents
1,Low
2,Very_High
3,None
4,None
5,None
6,None
7,None
8,None
9,Medium
10,High
11,None
12,None
13,Medium
14,Very_High
15,Medium
16,High
17,None
18,None
19,High
20,Very_High
21,None
22,Low
23,None
24,Very_High
25,Low
26,None
27,None
28,None
29,None
30,High
31,Very_High
32,Very_High
33,Very_High
34,High
35,None
36,High
37,None
38,Low
39,High
40,None
41,None
42,None
43,None
44,None
45,High
46,Medium
47,None
48,Very_High
49,Very_High
50,None
51,Medium
52,None
53,None
54,Low
55,Medium
56,None
57,Low
58,None
59,None
60,High
61,None
62,None
63,None
64,None
65,None
66,None
67,High
68,High
69,High
70,High
71,High
72,Very_High
73,Low
74,Medium
75,Very_High
76,None
77,Low
78,None
79,None
80,None
81,High
82,High
83,High
84,High
85,None
86,None
87,None
88,Very_High
89,Low
90,Medium
91,Low
92,Low
93,High
94,Very_High
95,None
96,None
97,None
98,None
99,Low
100,High
101,Medium
102,High
103,Very_High
104,High
105,Low
106,Medium
107,High
108,None
109,None
110,High
111,High
112,Low
113,None
114,Very_High
115,None
116,None
117,Very_High
118,None
119,Medium
120,None
121,None
122,Low
123,None
124,Low
125,High
126,None
127,None
128,None
129,Medium
130,None
131,High
132,None
133,None
134,Low
135,High
136,Low
137,High
138,Low
139,Medium
140,Low
141,None
142,High
143,Very_High
144,High
145,None
146,High
147,None
148,High
149,None
150,None
151,High
152,High
153,None
154,None
155,None
156,Low
157,Very_High
158,None
159,None
160,High
161,None
162,High
163,Low
164,None
165,None
166,High
167,Very_High
168,High
169,High
170,Very_High
171,None
172,None
173,High
174,Very_High
175,None
176,High
177,Low
178,Low
179,None
180,Low
181,None
182,Low
183,High
184,High
185,High
186,High
187,None
188,High
189,Medium
190,None
191,Low
192,None
193,Very_High
194,None
195,Very_High
196,High
197,High
198,None
199,High
200,Medium
201,Low
202,Low
203,High
204,High
205,None
206,Very_High
207,None
208,High
209,High
210,High
211,None
212,None
213,High
214,None
215,Low
216,Medium
217,None
218,High
219,Very_High
220,Medium
221,None
222,None
223,High
224,High
225,None
226,None
227,High
228,None
229,None
230,Very_High
231,None
232,None
233,High
234,High
235,High
236,None
237,None
238,High
239,None
240,Very_High
241,Low
242,High
243,Low
244,Very_High
245,Medium
246,High
247,None
248,High
249,Medium
250,Medium
251,None
252,None
253,Low
254,Low
255,None
256,None
257,High
258,High
259,None
260,Medium
261,High
262,Very_High
263,None
264,None
265,Low
266,High
267,Very_High
268,None
269,Low
270,None
271,None
272,None
273,None
274,None
275,None
276,None
277,High
278,High
279,High
280,High
281,Low
282,Medium
283,High
284,High
285,Very_High
286,Very_High
287,None
288,None
289,None
290,Very_High
291,High
292,Very_High
293,Medium
294,None
295,None
296,Medium
297,High
298,None
299,None
300,High
301,None
302,None
303,None
304,Medium
305,None
306,None
307,High
308,None
309,None
310,High
311,None
312,Medium
313,Very_High
314,High
315,None
316,None
317,None
318,None
319,None
320,None
321,High
322,Medium
323,Medium
324,None
325,None
326,High
327,Medium
328,High
329,High
330,None
331,High
332,High
333,None
334,Low
335,High
336,Very_High
337,Medium
338,None
339,Medium
340,None
341,Low
342,Low
343,Very_High
344,None
345,None
346,Very_High
347,None
348,High
349,Low
350,Very_High
351,None
352,None
353,High
354,None
355,Medium
356,Very_High
357,None
358,Low
359,None
360,Very_High
361,Low
362,Very_High
363,None
364,Low
365,High
366,High
367,High
368,None
369,Medium
370,None
371,Low
372,None
373,Low
374,Medium
375,None
376,None
377,High
378,None
379,None
380,None
381,Very_High
382,None
383,None
384,None
385,High
386,None
387,None
388,None
389,Low
390,None
391,None
392,None
393,Very_High
394,High
395,None
396,High
397,None
398,High
399,None
400,None
401,Low
402,High
403,Medium
404,None
405,None
406,None
407,None
408,Medium
409,None
410,None
411,High
412,None
413,None
414,None
415,None
416,None
417,None
418,High
419,Low
420,High
421,None
422,None
423,None
424,None
425,None
426,None
427,High
428,High
429,None
430,None
431,High
432,None
433,None
434,High
435,None
436,None
437,None
438,None
439,None
440,None
441,Low
442,None
443,None
444,None
445,None
446,Low
447,High
448,Low
449,Low
450,None
451,Low
452,None
453,Medium
454,Very_High
455,High
456,Low
457,None
458,High
459,High
460,None
461,None
462,None
463,Medium
464,None
465,High
466,Low
467,None
468,High
469,Very_High
470,None
471,None
472,High
473,None
474,Medium
475,High
476,Low
477,None
478,Low
479,Medium
480,Very_High
481,Low
482,High
483,High
484,Low
485,Medium
486,None
487,None
488,None
489,Medium
490,High
491,None
492,Low
493,Low
494,High
495,None
496,None
497,High
498,None
499,None
500,Low
501,High
502,Very_High
503,Low
504,None
505,Medium
506,Low
507,Low
508,Low
509,None
510,None
511,High
512,None
513,None
514,High
515,Very_High
516,High
517,High
518,Low
519,Medium
520,Low
521,None
522,Very_High
523,Low
524,None
525,Medium
526,None
527,Low
528,High
529,Medium
530,None
531,None
532,High
533,High
534,Low
535,Medium
536,Medium
537,None
538,None
539,Low
540,Medium
541,Very_High
542,Low
543,Low
544,High
545,Low
546,Low
547,High
548,None
549,None
550,None
551,High
552,None
553,Very_High
554,None
555,Very_High
556,None
557,Low
558,High
559,None
560,High
561,Very_High
562,Very_High
563,Low
564,High
565,None
566,None
567,Very_High
568,Medium
569,None
570,Low
571,Very_High
572,None
573,None
574,High
575,None
576,None
577,High
578,Low
579,None
580,Low
581,Medium
582,None
583,None
584,None
585,None
586,High
587,None
588,None
589,None
590,None
591,None
592,None
593,None
594,None
595,None
596,Low
597,None
598,High
599,Very_High
600,Low
601,None
602,Medium
603,High
604,None
605,Very_High
606,Medium
607,High
608,Medium
609,High
610,None
611,None
612,High
613,Very_High
614,Low
615,None
616,Medium
617,High
618,None
619,None
620,None
621,None
622,Very_High
623,None
624,None
625,Low
626,Low
627,High
628,High
629,None
630,Very_High
631,Very_High
632,Very_High
633,High
634,Very_High
635,High
636,None
637,None
638,None
639,Medium
640,None
641,High
642,None
643,High
644,None
645,None
646,Very_High
647,None
648,None
649,None
650,None
651,None
652,None
653,None
654,Very_High
655,Medium
656,Very_High
657,None
658,None
659,Low
660,Low
661,High
662,Very_High
663,Low
664,Low
665,Very_High
666,Very_High
667,None
668,Very_High
669,None
670,High
671,High
672,None
673,Low
674,High
675,None
676,Very_High
677,Low
678,None
679,High
680,High
681,None
682,High
683,Very_High
684,Low
685,None
686,None
687,None
688,High
689,None
690,None
691,High
692,Medium
693,None
694,High
695,None
696,Low
697,Very_High
698,None
699,None
700,None
701,Low
702,Low
703,None
704,Low
705,None
706,None
707,None
708,None
709,None
710,High
711,Very_High
712,Very_High
713,None
714,High
715,Very_High
716,High
717,Very_High
718,None
719,Low
720,Very_High
721,None
722,Very_High
723,None
724,None
725,High
726,High
727,High
728,High
729,None
730,None
731,None
732,Low
733,None
734,None
735,Low
736,None
737,None
738,High
739,High
740,Very_High
741,Low
742,None
743,Low
744,None
745,None
746,None
747,None
748,High
749,Low
750,None
751,High
752,None
753,None
754,None
755,High
756,None
757,None
758,None
759,None
760,High
761,None
762,High
763,None
764,Low
765,Very_High
766,None
767,High
768,High
769,Very_High
770,None
771,None
772,Low
773,Very_High
774,None
775,Very_High
776,Low
777,High
778,High
779,Very_High
780,Low
781,Low
782,High
783,Medium
784,Very_High
785,None
786,Very_High
787,Very_High
788,High
789,High
790,Very_High
791,Very_High
792,High
793,None
794,Low
795,High
796,None
797,Low
798,None
799,None
800,High
801,None
802,High
803,Very_High
804,High
805,None
806,None
807,None
808,None
809,None
810,None
811,None
812,Very_High
813,None
814,Low
815,None
816,None
817,None
818,None
819,Low
820,High
821,High
822,None
823,None
824,None
825,None
826,Low
827,None
828,None
829,None
830,High
831,Medium
832,High
833,None
834,Medium
835,Very_High
836,High
837,None
838,None
839,Low
840,None
841,None
842,None
843,None
844,Very_High
845,High
846,None
847,None
848,High
849,None
850,Low
851,Very_High
852,Very_High
853,Medium
854,Low
855,None
856,High
857,None
858,High
859,None
860,None
861,None
862,High
863,High
864,None
865,Low
866,Low
867,None
868,High
869,None
870,None
871,Very_High
872,None
873,Low
874,None
875,None
876,Very_High
877,None
878,None
879,None
880,Medium
881,None
882,Medium
883,None
884,Very_High
885,High
886,Very_High
887,High
888,Very_High
889,None
890,High
891,Low
892,None
893,None
894,Medium
895,High
896,Low
897,None
898,High
899,High
900,Low
901,High
902,High
903,None
904,None
905,High
906,High
907,None
908,None
909,High
910,High
911,Low
912,Low
913,Very_High
914,High
915,Very_High
916,High
917,High
918,None
919,Low
920,Low
921,None
922,None
923,None
924,None
925,None
926,Low
927,Very_High
928,None
929,None
930,Low
931,None
932,None
933,Very_High
934,Very_High
935,None
936,None
937,High
938,None
939,Medium
940,Very_High
941,None
942,Very_High
943,None
944,None
945,None
946,None
947,None
948,Very_High
949,High
950,None
951,High
952,Low
953,Very_High
954,Medium
955,None
956,Low
957,None
958,Very_High
959,Very_High
960,None
961,Low
962,None
963,High
964,Low
965,Low
966,None
967,None
968,High
969,High
970,None
971,Medium
972,Medium
973,None
974,None
975,Low
976,None
977,None
978,Low
979,Low
980,High
981,None
982,Medium
983,Very_High
984,Medium
985,Very_High
986,High
987,Low
988,High
989,None
990,Low
991,Low
992,None
993,High
994,None
995,High
996,Very_High
997,None
998,Very_High
999,None
1000,None
1001,Very_High
1002,None
1003,High
1004,Low
1005,High
1006,None
1007,None
1008,Low
1009,None
1010,High
1011,None
1012,Very_High
1013,None
1014,None
1015,High
1016,High
1017,High
1018,Very_High
1019,High
1020,High
1021,Medium
1022,None
1023,Medium
1024,Very_High
1025,High
1026,None
1027,Very_High
1028,High
1029,None
1030,None
1031,Very_High
1032,Medium
1033,None
1034,Low
1035,Low
1036,Medium
1037,Very_High
1038,None
1039,High
1040,None
1041,Low
1042,Very_High
1043,Low
1044,None
1045,Low
1046,Very_High
1047,None
1048,None
1049,None
1050,None
1051,None
1052,None
1053,None
1054,High
1055,None
1056,Low
1057,None
1058,None
1059,High
1060,Low
1061,Very_High
1062,High
1063,None
1064,High
1065,High
1066,None
1067,Low
1068,Medium
1069,None
1070,None
1071,Very_High
1072,Low
1073,None
1074,High
1075,Very_High
1076,None
1077,High
1078,Low
1079,None
1080,None
1081,High
1082,Very_High
1083,None
1084,None
1085,Low
1086,Very_High
1087,None
1088,None
1089,None
1090,Very_High
1091,None
1092,None
1093,High
1094,None
1095,None
1096,Low
1097,Very_High
1098,Very_High
1099,None
1100,Very_High
1101,None
1102,Medium
1103,None
1104,None
1105,None
1106,None
1107,None
1108,Low
1109,Low
1110,Low
1111,High
1112,None
1113,Medium
1114,None
1115,Very_High
1116,High
1117,None
1118,Low
1119,Very_High
1120,Very_High
1121,Very_High
1122,None
1123,Low
1124,None
1125,None
1126,High
1127,None
1128,None
1129,None
1130,None
1131,Low
1132,Very_High
1133,High
1134,Very_High
1135,None
1136,Very_High
1137,None
1138,Very_High
1139,Medium
1140,High
1141,Very_High
1142,None
1143,Medium
1144,None
1145,Very_High
1146,High
1147,None
1148,None
1149,High
1150,None
1151,None
1152,None
1153,Low
1154,None
1155,Low
1156,Medium
1157,None
1158,None
1159,None
1160,None
1161,Very_High
1162,None
1163,Very_High
1164,High
1165,Very_High
1166,None
1167,Low
1168,None
1169,None
1170,None
1171,High
1172,Very_High
1173,High
1174,Low
1175,Medium
1176,None
1177,High
1178,None
1179,High
1180,None
1181,Very_High
1182,None
1183,High
1184,High
1185,None
1186,None
1187,None
1188,Very_High
1189,Low
1190,None
1191,High
1192,High
1193,None
1194,None
1195,Very_High
1196,Low
1197,Low
1198,None
1199,High
1200,None
